{
    "feetInInch": 0.0833333333,
    "inchesInFoot" : 12,
    "centimetersInInch": 2.54,
    "inchesInCm": 0.393701
   }